ResID,Response ID,Parent Status,Concern_No human testing,Concern_Long term side effects,Concern_Not effective,Concern_Not necessary,Concern_Unclear who needs,Concern_not safe for children,Concern_Other,Concern_None,Concern_other text,NewVaxstatus,Political affiliation,rid,age,gender,hhi,ethnicity,hispanic,education,regioncode,zip,political_party,SimplePolitical,SimpleVaxStatus,State,Region
204,R_2f7Ig3QSAH8VqrP,No,No,Yes,No,No,No,The latest COVID-19 vaccine is not safe for children,No,Has concerns,-99,Received,Very Conservative,6568deaf-2af5-9734-6c16-159c4f109967,25,1,8,1,1,2,4,99504,1,Conservative,Received,AK,West
162,R_21Et4iaOXTPaT42,No,Yes,No,No,No,No,No,No,Has concerns,-99,Next few months,Moderate,6568dd3a-c329-cc92-87f4-14c2da4ac85e,46,1,19,4,1,7,3,35124,5,Moderate,Planning to,AL,South
237,R_0ww6BIFZ0GMDuFj,No,Yes,Yes,No,No,Yes,The latest COVID-19 vaccine is not safe for children,No,Has concerns,-99,No plans,Very Conservative,6568dd96-a3fb-f29e-e1ce-11679d489c6b,49,2,19,1,1,7,3,35953,10,Conservative,No plans,AL,South
18,R_2YWkp7X79KNm0zf,No,No,No,No,No,No,No,No,No concerns,-99,No plans,Not Sure,6568d8ef-5711-0d42-df02-78cfdfa966df,33,1,4,1,1,2,3,72543,7,Not Sure,No plans,AR,South
37,R_246E95dd5WNOt61,Yes,No,No,No,No,No,No,No,No concerns,-99,Next month,Slightly Liberal,6568dd25-e569-52c5-4e02-7458889fd5c9,20,2,3,3,2,2,3,72703,2,Liberal,Planning to,AR,South
211,R_3F3Y0LNIU5r96bB,No,No,Yes,No,No,No,No,No,Has concerns,-99,Yes not sure when,Very Liberal,6568dd4b-0f71-36bc-904d-c61a87247211,36,1,20,1,1,8,3,71667,1,Liberal,Planning to,AR,South
96,R_1PTLon3MMA33t0L,Yes,No,No,No,No,No,No,No,No concerns,-99,No plans,Liberal,6568ec71-3e87-330b-7332-2e175a0481b1,25,2,9,2,1,2,4,85716,7,Liberal,No plans,AZ,West
134,R_300GKmYeawVOdyq,No,No,No,No,No,Yes,No,No,Has concerns,-99,Next month,Moderate,6568dd45-ea56-17cd-4dfe-7beed322a891,31,1,1,1,1,2,4,86314,4,Moderate,Planning to,AZ,West
182,R_1JJCSEr8BdL6XoM,No,No,Yes,No,No,No,No,No,Has concerns,-99,No plans,Conservative,6568dc94-98eb-58b2-5a57-6f4717d9168c,58,2,8,1,1,5,4,85085,7,Conservative,No plans,AZ,West
245,R_9mgbLPwoBacbesp,No,Yes,Yes,No,Yes,No,The latest COVID-19 vaccine is not safe for children,Yes,Has concerns,Government should not be allowed to mandate any health policies ever.,No plans,Moderate,6568dce9-c930-d6c6-90b1-eef27f23f879,60,2,7,1,1,4,4,86406,5,Moderate,No plans,AZ,West
246,R_1IKNWqJGG3jPPzZ,No,Yes,Yes,No,No,No,No,No,Has concerns,-99,Next few months,Moderate,6568ec52-8749-ba7e-bf5f-5b323dffc4aa,53,1,12,1,1,7,4,85024,6,Moderate,Planning to,AZ,West
251,R_1Os2nX5onzTILJp,No,No,No,The latest vaccine is not effective enough,Yes,No,The latest COVID-19 vaccine is not safe for children,No,Has concerns,-99,Next few months,Very Conservative,6567a4e0-35bf-44c5-283e-1a8b7b0ef54b,38,1,-3105,1,1,1,4,85756,7,Conservative,Planning to,AZ,West
5,R_25WmD2JxgBNbLtD,No,No,No,No,No,No,No,No,No concerns,-99,Im not sure,Not Sure,656795fb-128a-d768-8220-2e7578d7efd4,39,2,3,1,1,3,4,95301,7,Not Sure,Im not sure,CA,West
54,R_2OSGTnF1aWP1tLH,No,No,No,No,No,No,No,No,No concerns,-99,No plans,Slightly Liberal,6568dd56-2f6f-bc8d-25f5-3dbae343f7a5,39,2,5,1,12,5,4,94577,5,Liberal,No plans,CA,West
74,R_3HowjHnp7PsDrxU,Yes,No,No,No,No,No,No,No,No concerns,-99,Received,Liberal,6568def7-2112-7076-4fb7-8efa35f4d302,51,1,11,1,1,6,4,92646,1,Liberal,Received,CA,West
98,R_24CPgTQWZ9pVJ5U,No,No,No,No,No,No,No,No,No concerns,-99,Next month,Slightly Liberal,6568ed75-9dee-a4ba-9b43-fb120130d2c4,30,2,8,15,2,6,4,91101,3,Liberal,Planning to,CA,West
99,R_3jT0GxWOEL4nKms,No,No,No,No,No,No,No,No,No concerns,-99,Received,Moderate,6568ede6-0385-80d7-322b-47ecfd02738a,34,1,8,3,2,2,4,90057,1,Moderate,Received,CA,West
100,R_2dEoQDNZMCEMzaw,No,No,No,No,No,No,No,No,No concerns,-99,Yes not sure when,Moderate,6568ed3f-fad9-c321-8c74-ca7d99d1d6f1,29,2,7,15,2,2,4,95119,9,Moderate,Planning to,CA,West
107,R_22QRvCIzTrxWB3w,No,No,No,No,No,No,No,No,No concerns,-99,Yes not sure when,Very Liberal,656a1977-df5c-f6ae-b591-ca659726cf97,21,1,1,1,1,4,4,94107,7,Liberal,Planning to,CA,West
146,R_3lFhE3muU4zFOe2,Yes,No,No,No,No,Yes,No,No,Has concerns,-99,No plans,Not Sure,6568db45-efa9-ed13-cd7a-9bd5b1ca9eb8,33,1,1,15,5,2,4,93727,7,Not Sure,No plans,CA,West
147,R_Odt2ixRQckA9Xxv,Yes,No,No,No,Yes,No,No,No,Has concerns,-99,No plans,Slightly Conservative,6568dcc4-efe9-6577-d1db-c058b3ad25cd,33,2,6,7,1,5,4,94564,4,Conservative,No plans,CA,West
150,R_1n6FuzwS9UKeWha,No,No,No,No,Yes,No,No,No,Has concerns,-99,Next month,Slightly Liberal,6568ec6b-60f1-61b4-9f66-e811b9df48e0,21,1,3,1,1,4,4,95630,3,Liberal,Planning to,CA,West
154,R_2fEdIxI8iZ1apIZ,No,No,No,No,Yes,No,No,No,Has concerns,-99,No plans,Liberal,6568f659-426b-f8b6-2636-d327332ad252,24,2,4,15,2,2,4,93041,7,Liberal,No plans,CA,West
156,R_cFLUvBymC0mE3jX,No,Yes,No,No,No,No,No,No,Has concerns,-99,Im not sure,Not Sure,6567956f-2621-b943-1ef6-b5670deb207a,24,1,1,1,1,4,4,90011,1,Not Sure,Im not sure,CA,West
164,R_2dVXWC0aGUmVh7l,No,Yes,No,No,No,No,No,No,Has concerns,-99,Yes not sure when,Conservative,6568dd7e-7e1e-5ec1-2237-48c6b1aac296,23,1,17,1,2,2,4,91739,10,Conservative,Planning to,CA,West
169,R_1Ffbfn8sgcTpLPD,No,Yes,No,No,No,No,No,No,Has concerns,-99,Received,Very Conservative,6568dea2-fae9-d173-607c-941b64e49318,62,1,5,1,1,2,4,91942,10,Conservative,Received,CA,West
206,R_BxjnRcMf8LV7LnX,No,No,Yes,No,No,No,No,No,Has concerns,-99,No plans,Moderate,6568dee0-4a3e-3687-f1e1-39e2dbcceb86,35,1,1,2,2,2,4,91101,3,Moderate,No plans,CA,West
213,R_3L6WbewQXh1QeUx,No,No,Yes,No,No,No,No,No,Has concerns,-99,No plans,Moderate,6568dcc2-010e-dac3-29ab-d91fbc67fcff,62,2,2,6,1,6,4,93292,4,Moderate,No plans,CA,West
216,R_2TI4nZP4EnLe3dU,No,No,Yes,No,No,No,No,No,Has concerns,-99,Next month,Conservative,6568dddc-3e5a-7127-3f59-c4b68b315d9e,32,1,4,1,1,5,4,95119,10,Conservative,Planning to,CA,West
224,R_2RPuAJIiyBIDiyT,Yes,No,Yes,No,No,No,No,No,Has concerns,-99,Received,Liberal,6568da43-c5ee-4876-085d-7e2ecb7c7be8,25,2,1,15,16,2,4,93611,4,Liberal,Received,CA,West
238,R_yD3CHZWpfldEZi1,No,Yes,Yes,No,No,Yes,No,No,Has concerns,-99,No plans,Liberal,6568dd5c-9d2f-bf71-513c-3be67b7bbdc9,72,2,11,1,1,6,4,94121,2,Liberal,No plans,CA,West
255,R_11XyS45UFosi8ul,No,No,No,The latest vaccine is not effective enough,No,No,No,No,Has concerns,-99,Received,Moderate,6568de88-da9a-f09b-15d4-2ddaa294c77f,31,1,1,15,2,2,4,92345,5,Moderate,Received,CA,West
260,R_2f1chFvfaHQfvxM,No,No,No,The latest vaccine is not effective enough,No,Yes,No,No,Has concerns,-99,Received,Slightly Liberal,65692676-7ab4-c801-15d4-64d54b3c619f,23,1,18,5,6,3,1,92570,1,Liberal,Received,CA,West
266,R_21ufwi6tC0emoIc,No,Yes,Yes,The latest vaccine is not effective enough,Yes,Yes,The latest COVID-19 vaccine is not safe for children,No,Has concerns,-99,No plans,Moderate,656795e1-b457-e1df-2be0-aa09f4302099,60,1,3,1,1,4,4,90020,10,Moderate,No plans,CA,West
274,R_31WuiyS0KfJsfDT,No,Yes,Yes,The latest vaccine is not effective enough,Yes,Yes,The latest COVID-19 vaccine is not safe for children,No,Has concerns,-99,No plans,Slightly Conservative,6568dc5e-bd71-8fb5-db8d-6248f39c92ca,63,2,11,1,1,2,4,92129,1,Conservative,No plans,CA,West
281,R_zd9qpmR6gs7GYwN,Yes,Yes,Yes,The latest vaccine is not effective enough,Yes,No,The latest COVID-19 vaccine is not safe for children,No,Has concerns,-99,No plans,Conservative,6568ed68-46c5-f91f-3cda-396c87c3f250,33,2,19,15,2,2,4,96150,9,Conservative,No plans,CA,West
34,R_3rUpNbSIVSCPPny,No,No,No,No,No,No,No,No,No concerns,-99,Received,Moderate,6568db08-56e0-4f77-493f-dc7b28d55be2,69,1,1,1,1,5,4,80631,4,Moderate,Received,CO,West
118,R_3saI4OhmDExnNCj,No,No,No,No,Yes,No,No,No,Has concerns,-99,No plans,Moderate,6568db67-e52b-ebbd-3d09-315dfcaf468a,58,1,1,1,1,4,4,80249,4,Moderate,No plans,CO,West
155,R_3MxJjfntPFcdIi2,No,No,No,No,No,Yes,No,No,Has concerns,-99,No plans,Slightly Liberal,6568f66b-5ca3-9c93-519d-5ba2164b5918,52,2,11,15,2,2,4,80220,2,Liberal,No plans,CO,West
203,R_2uImKx8Q6e5vVEk,No,No,Yes,No,No,No,No,No,Has concerns,-99,Yes not sure when,Liberal,6568deb5-c63b-1d00-50c0-2fb4d37ad2b4,36,1,9,1,1,2,4,80017,5,Liberal,Planning to,CO,West
178,R_xyANejRhTRC7fah,No,No,Yes,No,No,No,No,No,Has concerns,-99,Next month,Conservative,6568db6f-f94e-66a3-8876-713cfcac208b,68,1,16,1,1,4,1,06811,4,Conservative,Planning to,CT,Northeast
200,R_3k7ja012aIbpZMP,No,No,Yes,No,Yes,No,No,No,Has concerns,-99,No plans,Moderate,6568dd99-0cdb-081e-d576-bb5a85130910,26,1,2,1,1,5,1,06907,8,Moderate,No plans,CT,Northeast
33,R_20MVekZYwpvnZFo,No,No,No,No,No,No,No,No,No concerns,-99,Received,Liberal,6568dc42-f3e7-be76-7438-7ce030297934,18,2,24,2,12,2,3,20011,10,Liberal,Received,DC,South
13,R_1IN7v4fBQ3XmnuF,No,No,No,No,No,No,No,No,No concerns,-99,Received,Moderate,6567a4db-59f2-a0b9-f00e-a68911aa21ae,61,2,1,15,3,2,3,33323,7,Moderate,Received,FL,South
26,R_3iwiRmblT93C1s5,No,No,No,No,No,No,No,No,No concerns,-99,Received,Slightly Liberal,6568db59-c419-156e-c526-524b531f3014,77,1,18,1,1,7,3,32968,3,Liberal,Received,FL,South
28,R_XZcQ2wRGVQu7taV,No,No,No,No,No,No,No,No,No concerns,-99,Next month,Moderate,6568dbb6-a608-fd97-c5c1-6af3a39d9af6,71,1,3,1,1,2,3,33597,2,Moderate,Planning to,FL,South
35,R_b3CMHgNb7cg2P05,No,No,No,No,No,No,No,No,No concerns,-99,Received,Moderate,6568dc47-aa42-1cce-4d59-0f319b99210b,58,1,5,1,1,6,3,32701,3,Moderate,Received,FL,South
36,R_2xKaIjLz8bgZkIb,No,No,No,No,No,No,No,No,No concerns,-99,Next month,Liberal,6568dc80-27a9-dcae-1412-9bb775ffe485,60,2,18,1,1,7,3,33029,4,Liberal,Planning to,FL,South
51,R_3L7KsxQyPQIUIVa,No,No,No,No,No,No,No,No,No concerns,-99,Received,Conservative,6568dc3a-bb0a-c579-a874-abc006752c43,72,1,4,1,1,4,3,32703,8,Conservative,Received,FL,South
53,R_8uGlwkdqUqpwYOB,No,No,No,No,No,No,No,No,No concerns,-99,Received,Liberal,6568dde4-24f6-c50c-8852-f9eefa7f181b,30,1,19,1,1,2,3,33909,2,Liberal,Received,FL,South
58,R_3sj0K9TdGjQmZyK,No,No,No,No,No,No,No,No,No concerns,-99,No plans,Very Conservative,6568dc35-1e59-c5fc-8880-a3f7da127f89,67,1,4,1,1,4,3,34207,10,Conservative,No plans,FL,South
72,R_3hAtKCMMVsgxdYq,No,No,No,No,No,No,No,No,No concerns,-99,Yes not sure when,Very Liberal,6568ddaf-ffc8-837d-78c8-e04ba52f0c42,58,2,6,1,1,2,3,32137,1,Liberal,Planning to,FL,South
91,R_7PwgWKMJWi5joDT,No,No,No,No,No,No,No,No,No concerns,-99,Yes not sure when,Moderate,6568ec11-6440-f95f-88b0-b2bb11fe63be,79,1,15,1,1,7,3,33634,1,Moderate,Planning to,FL,South
102,R_3MfCCGjYvXQ7qGD,No,No,No,No,No,No,No,No,No concerns,-99,Received,Very Liberal,6568f5cc-4b0f-f427-ccf4-ec2fd8b8840e,45,1,2,8,1,6,3,33612,1,Liberal,Received,FL,South
115,R_1MSRek4QWoTQfih,No,No,No,No,No,Yes,No,No,Has concerns,-99,Next few months,Liberal,6568d9c1-90f7-69d8-9c43-d0b1dd7599dd,69,2,8,1,1,6,3,33957,1,Liberal,Planning to,FL,South
149,R_3RaLDdaqHyxQSpQ,Yes,No,No,No,No,No,The latest COVID-19 vaccine is not safe for children,No,Has concerns,-99,Received,Slightly Liberal,6568dafe-b9d4-6fb1-85ed-652bfa8358b5,43,1,24,1,1,7,3,32114,3,Liberal,Received,FL,South
158,R_242zhvjeVk0OVLE,No,Yes,No,No,No,No,No,No,Has concerns,-99,Next few months,Very Conservative,6568d953-ede6-2328-9fe8-971d0b916485,79,1,9,1,1,5,3,34222,10,Conservative,Planning to,FL,South
180,R_rltwktQhNjQiR2x,No,No,Yes,No,No,No,No,No,Has concerns,-99,Next month,Very Conservative,6568dbe9-1b63-5b40-c835-2acea1fee8c1,46,2,4,1,1,2,3,33901,10,Conservative,Planning to,FL,South
186,R_ThJYNpbH5cKeq9X,No,No,Yes,No,No,No,No,No,Has concerns,-99,No plans,Slightly Liberal,6568dc24-a0ff-cc8a-492c-94e45f873a95,49,2,7,1,1,6,3,32669,3,Liberal,No plans,FL,South
198,R_24730QBhW8Pjr3i,Yes,No,Yes,No,Yes,No,No,No,Has concerns,-99,No plans,Not Sure,6568dd6d-9e46-4028-0407-01b00423d993,18,1,2,15,12,4,3,33991,7,Not Sure,No plans,FL,South
210,R_bj5bEcfvjuLylAl,No,No,Yes,No,No,No,The latest COVID-19 vaccine is not safe for children,No,Has concerns,-99,Received,Moderate,6568ddb4-e2a3-f11e-30b4-323fab8d1da3,60,2,10,1,1,4,3,33971,2,Moderate,Received,FL,South
228,R_2fqDVrPfsYMDfau,No,Yes,Yes,No,No,No,No,No,Has concerns,-99,No plans,Conservative,6568db1f-7be3-0092-6d9c-3be230cf0470,38,1,10,1,1,1,3,33542,4,Conservative,No plans,FL,South
273,R_2uI3C1rGckVVBCj,No,Yes,Yes,The latest vaccine is not effective enough,Yes,No,No,No,Has concerns,-99,No plans,Conservative,6568dd57-fb03-5712-94a1-fac2bdb02f47,55,1,11,1,1,6,3,33950,5,Conservative,No plans,FL,South
17,R_RqLOmEm1qkEbumd,No,No,No,No,No,No,No,No,No concerns,-99,No plans,Very Conservative,6568dae0-6135-61e9-4694-7aed6dd9dba8,57,1,7,1,1,4,3,30046,10,Conservative,No plans,GA,South
42,R_2zYiia8khD3Xjz8,No,No,No,No,No,No,No,No,No concerns,-99,Received,Very Liberal,6568dcc2-f187-72f3-9bc3-577cd4218f6f,23,1,1,2,1,1,3,30236,1,Liberal,Received,GA,South
105,R_3lz5UudWlCimOLx,No,No,No,No,No,No,No,No,No concerns,-99,Yes not sure when,Slightly Conservative,65690106-8c0c-5078-b41f-c173eb4a47a3,52,2,2,2,1,6,3,31415,2,Conservative,Planning to,GA,South
106,R_2SlFtL1onEePv4H,Yes,No,No,No,No,No,No,No,No concerns,-99,Received,Very Liberal,65690dc4-07fe-62ac-b225-8c8938f1195e,42,1,8,2,1,6,3,31064,1,Liberal,Received,GA,South
137,R_OwzgnE7xt8JmBNL,No,No,No,No,No,Yes,No,No,Has concerns,-99,No plans,Liberal,6568dcd6-3594-e657-0950-43591aa80dda,54,2,19,1,1,7,3,30161,1,Liberal,No plans,GA,South
163,R_2TzbX5QcCppcd8A,No,Yes,No,No,No,No,No,No,Has concerns,-99,Received,Very Liberal,6568dd0a-9df6-b6d9-934f-fea27ff01945,47,2,2,2,1,2,3,30161,7,Liberal,Received,GA,South
173,R_3hmZWFA1LTOi6nK,No,No,Yes,No,No,No,No,No,Has concerns,-99,Received,Moderate,656795c5-7386-15a5-48bf-90da455cb716,61,2,1,1,1,2,3,31312,1,Moderate,Received,GA,South
233,R_2vZHZB6ikiMSiUh,No,Yes,Yes,No,No,No,No,No,Has concerns,-99,Im not sure,Moderate,6568db58-75cf-6267-ceed-1a29157e8476,65,1,3,1,1,2,3,30238,4,Moderate,Im not sure,GA,South
187,R_2Yc6WFSNWTMRjpU,No,No,Yes,No,No,No,No,Yes,Has concerns,Government mandates and misinformation to justify mandates,No plans,Liberal,6568daf5-d9bf-b410-f658-b60fd963deec,56,1,22,15,1,6,4,96813,5,Liberal,No plans,HI,West
12,R_1FyafiBHHBpQZQ7,No,No,No,No,No,No,No,No,No concerns,-99,Next month,Moderate,6567a4cc-c925-17d7-1495-85524da97dd5,64,1,13,1,1,4,2,52641,3,Moderate,Planning to,IA,Midwest
116,R_22JF1NKLdDFiJ0j,No,No,No,No,Yes,No,The latest COVID-19 vaccine is not safe for children,No,Has concerns,-99,No plans,Very Conservative,6568db28-1bda-c4da-631b-5893321d1636,40,1,21,1,1,7,2,51546,10,Conservative,No plans,IA,Midwest
222,R_2wdwfPGSXGK6B4R,No,No,Yes,No,No,No,No,No,Has concerns,-99,Im not sure,Slightly Liberal,6568ebfe-2e46-5cdc-e866-2ab21d1212fa,46,1,1,1,1,1,2,50107,2,Liberal,Im not sure,IA,Midwest
242,R_82LjqqAwvaiexfH,No,Yes,Yes,No,No,No,The latest COVID-19 vaccine is not safe for children,No,Has concerns,-99,No plans,Very Conservative,6568de28-33b2-e91d-13d8-6824def6fae6,53,1,3,1,1,2,2,51455,10,Conservative,No plans,IA,Midwest
67,R_3stSjW8NIj8OqCb,No,No,No,No,No,No,No,No,No concerns,-99,Received,Slightly Liberal,6568ddaf-eff8-62ab-3276-8c2a95fe3829,72,2,7,10,1,5,2,60008,6,Liberal,Received,IL,Midwest
135,R_1kLAIHit7Xo9UKU,No,No,No,No,No,Yes,No,No,Has concerns,-99,Yes not sure when,Not Sure,6568dd44-4956-7140-cb1b-8871697c5c81,29,2,2,1,1,7,4,60148,9,Not Sure,Planning to,IL,Midwest
151,R_ezdUZyUBtF33nqx,No,No,No,No,Yes,No,No,No,Has concerns,-99,Received,Liberal,6568ecc6-e929-1ba8-5bf7-234c788bed73,23,1,1,4,15,1,2,60603,4,Liberal,Received,IL,Midwest
172,R_3iEfEzTrqpRgm2P,No,No,Yes,No,No,No,No,No,Has concerns,-99,Im not sure,Very Liberal,65679607-de85-2646-b5c9-4583c3c0dd7e,64,1,3,1,1,4,2,60148,1,Liberal,Im not sure,IL,Midwest
191,R_3fcvn3E3JhAqVcS,Yes,No,Yes,No,Yes,No,No,No,Has concerns,-99,No plans,Moderate,6568dd1a-e9c9-f102-3879-88343fe2ff89,43,2,8,1,1,4,2,61856,5,Moderate,No plans,IL,Midwest
195,R_UyJQEiyQyWPfelX,No,No,Yes,No,Yes,Yes,No,No,Has concerns,-99,Received,Moderate,6568dd55-6bd9-94ad-9521-c58493ba4d17,36,1,5,2,1,6,2,60619,10,Moderate,Received,IL,Midwest
235,R_RqM5KZ4wkWLBpPX,Yes,Yes,Yes,No,Yes,No,No,No,Has concerns,-99,No plans,Very Conservative,6568dd60-4a08-2921-32ab-b8c99757b83e,54,2,7,1,1,5,2,61853,10,Conservative,No plans,IL,Midwest
259,R_rfMtB3a7beSDIK5,No,No,No,The latest vaccine is not effective enough,No,No,The latest COVID-19 vaccine is not safe for children,No,Has concerns,-99,Next month,Liberal,6568ed2c-17f7-c466-97b6-e3d813b8d108,28,1,13,1,1,2,2,60415,8,Liberal,Planning to,IL,Midwest
267,R_2feUxcFUkYMMyOA,No,Yes,Yes,The latest vaccine is not effective enough,Yes,Yes,The latest COVID-19 vaccine is not safe for children,No,Has concerns,-99,No plans,Very Conservative,6568db03-a52a-a5ed-c1cf-248418d9b6db,63,1,19,1,1,4,2,60050,10,Conservative,No plans,IL,Midwest
280,R_1TCDYEqC80G8QhP,No,Yes,Yes,The latest vaccine is not effective enough,No,Yes,The latest COVID-19 vaccine is not safe for children,No,Has concerns,-99,No plans,Moderate,6568ec31-d9a0-976d-2cc4-bb9fe2bacb6e,29,2,5,2,1,2,2,60617,2,Moderate,No plans,IL,Midwest
7,R_2ZBKV7DUx3MTT4D,No,No,No,No,No,No,No,No,No concerns,-99,No plans,Moderate,656795c3-979b-8f82-5d19-d21fdabd7993,22,1,9,1,1,4,2,47374,2,Moderate,No plans,IN,Midwest
152,R_2EAgWBU2XRi6QBI,No,No,No,No,Yes,No,No,No,Has concerns,-99,No plans,Slightly Liberal,6568ecae-91d9-bc66-5065-97f7f1cfe71b,29,1,3,1,1,4,2,46738,4,Liberal,No plans,IN,Midwest
168,R_1ln6tkuF1bOJ6Nt,No,Yes,No,No,No,No,No,Yes,Has concerns,The previous vaccine made me sicker than when I actually had Covid ,No plans,Very Conservative,6568dcf4-8aba-2983-d2de-a39e1570eb1b,54,2,10,1,1,3,2,46070,10,Conservative,No plans,IN,Midwest
223,R_1K3zJdoP16O3iGq,No,No,Yes,No,Yes,No,No,No,Has concerns,-99,No plans,Very Conservative,6568f65c-315f-3b12-ca63-acabdc498b7f,20,2,1,1,1,4,2,47909,10,Conservative,No plans,IN,Midwest
241,R_2rAxhx0yxb2hkHG,No,Yes,Yes,No,No,No,No,No,Has concerns,-99,No plans,Very Conservative,6568dce0-d7d1-6457-20c0-1cd64cabd30c,58,2,11,1,1,2,2,46554,10,Conservative,No plans,IN,Midwest
264,R_3HYp4JK8TRiNTb6,Yes,No,Yes,The latest vaccine is not effective enough,No,No,No,No,Has concerns,-99,Received,Conservative,6568dc7a-c779-f97f-8e01-87c329e50934,43,1,8,1,1,5,2,46725,8,Conservative,Received,IN,Midwest
194,R_3qfdBKd91uK8x5r,No,No,Yes,No,No,No,No,No,Has concerns,-99,Yes not sure when,Moderate,6568dba4-2c8d-b7a0-84af-2d529248d806,76,1,10,1,1,8,2,66223,4,Moderate,Planning to,KS,Midwest
2,R_3IZ6pvpu7hjICad,No,No,No,No,No,No,No,No,No concerns,-99,Im not sure,Not Sure,65679593-8c42-46f3-8841-7bae4d416bdd,43,2,4,1,1,2,3,42633,7,Not Sure,Im not sure,KY,South
8,R_2QrdY1u1KgIjSGM,Yes,No,No,No,No,No,No,No,No concerns,-99,Next few months,Moderate,6567a4f2-8087-b764-fd73-dad06d89af4e,44,2,1,2,1,1,3,40211,1,Moderate,Planning to,KY,South
22,R_2urdHAFSbiC5MIb,No,No,No,No,No,No,No,No,No concerns,-99,No plans,Moderate,6568dbcb-635d-82e7-4924-7cdc1c25a723,25,2,1,1,1,2,3,41076,4,Moderate,No plans,KY,South
86,R_1i26aQv1H4D4zeP,No,No,No,No,No,No,No,No,No concerns,-99,No plans,Conservative,6568ebf1-e905-2c59-c03f-4a996b6c98d5,72,2,5,1,1,2,3,40272,7,Conservative,No plans,KY,South
123,R_2ayis3LkaMxklFP,Yes,No,No,No,No,No,No,Yes,Has concerns,Its hard to find for kids ,Received,Liberal,6568dc55-8616-f806-beab-31cf02da97d2,43,2,19,1,1,7,3,40241,1,Liberal,Received,KY,South
174,R_3maW7HPX0Uqa9Kb,No,No,Yes,No,No,No,No,No,Has concerns,-99,No plans,Conservative,656795d8-8ede-08f0-3862-e46bacfe0c4d,51,1,6,1,1,5,3,42303,10,Conservative,No plans,KY,South
181,R_PYUChWgQsXAg2JP,No,No,Yes,No,No,Yes,No,No,Has concerns,-99,Yes not sure when,Slightly Conservative,6568dc0a-118f-d7c0-1ddc-ef534f1b3e45,48,1,6,1,1,2,3,42516,9,Conservative,Planning to,KY,South
83,R_1oGxYy3I1KWy6ka,Yes,No,No,No,No,No,No,No,No concerns,-99,Im not sure,Not Sure,6568d9a6-bd92-ef8e-b3a3-50e51e33eb5c,61,2,1,2,1,4,3,70811,7,Not Sure,Im not sure,LA,South
20,R_12PBnkdW8NRgBKS,No,No,No,No,No,No,No,No,No concerns,-99,Received,Moderate,6568dbf4-9f00-31a0-b08f-3457cc84e0f4,55,1,23,1,1,7,1,01749,4,Moderate,Received,MA,Northeast
129,R_yyIq0mprC0xYkJr,No,No,No,No,Yes,No,No,No,Has concerns,-99,Im not sure,Not Sure,6568dce8-51ac-a0b4-eabd-68d5a0feddfe,42,2,1,1,1,1,1,02720,7,Not Sure,Im not sure,MA,Northeast
269,R_cRWJlky2k4rn8Rj,Yes,Yes,Yes,The latest vaccine is not effective enough,Yes,Yes,The latest COVID-19 vaccine is not safe for children,No,Has concerns,-99,No plans,Conservative,6568dc0c-296f-7e1f-44c8-c6d4a395268d,32,2,3,1,1,2,1,01001,9,Conservative,No plans,MA,Northeast
24,R_2eVfAcSDG0wIauv,No,No,No,No,No,No,No,No,No concerns,-99,Received,Liberal,6568dbd8-e751-689f-72bd-a87a2a2c341e,86,2,7,1,1,6,3,21921,4,Liberal,Received,MD,South
31,R_Xil3Hqp5TtFtq3n,No,No,No,No,No,No,No,No,No concerns,-99,Received,Liberal,6568dbee-15bb-d7fa-282c-650e157a78ef,66,2,5,1,1,7,3,20772,3,Liberal,Received,MD,South
66,R_XsQ89XUjabGj3IB,No,No,No,No,No,No,No,No,No concerns,-99,Yes not sure when,Slightly Liberal,6568ddd7-4b9d-ae5a-a884-55d34e5f9578,24,1,15,2,1,4,3,21117,2,Liberal,Planning to,MD,South
117,R_Uo43g48YnzRp7qN,No,No,No,No,No,Yes,No,No,Has concerns,-99,Received,Moderate,6568daa2-814a-c662-34e0-4c20de35e5b3,53,2,1,1,1,5,3,21050,4,Moderate,Received,MD,South
170,R_1Hk5xv7eEqt4WU1,No,Yes,No,No,No,No,No,No,Has concerns,-99,Received,Very Liberal,6568dcb1-3c3c-32e0-6a26-7167f489a7ed,47,2,1,1,1,2,3,20853,1,Liberal,Received,MD,South
243,R_D1w1wXAj5eLmjZL,Yes,Yes,Yes,No,No,Yes,The latest COVID-19 vaccine is not safe for children,No,Has concerns,-99,No plans,Conservative,6568ddb1-eb60-816e-c6fe-6f37d1701a4f,35,1,11,2,1,5,3,20874,9,Conservative,No plans,MD,South
257,R_9tPH3rrG2uey9s5,No,No,No,The latest vaccine is not effective enough,No,No,No,No,Has concerns,-99,Received,Very Liberal,6568dd7f-dbef-e9fa-a23f-feee3b19a666,47,1,2,2,1,3,3,20770,1,Liberal,Received,MD,South
265,R_yW4VZeVxpAVMPGV,No,Yes,Yes,The latest vaccine is not effective enough,No,Yes,No,No,Has concerns,-99,No plans,Slightly Conservative,6567955f-0604-8c56-49e6-aebb9c2356f8,40,2,19,1,1,6,3,21215,8,Conservative,No plans,MD,South
40,R_uyuwXuYmcAneds5,No,No,No,No,No,No,No,No,No concerns,-99,Received,Very Liberal,6568dcbe-5d70-946f-3d1d-ac2d1706e532,30,2,19,1,1,8,1,04102,1,Liberal,Received,ME,Northeast
49,R_2P5n7oUhly7CzVx,No,No,No,No,No,No,No,No,No concerns,-99,Received,Slightly Conservative,6568dc5b-04bc-53bd-8502-25e55a38c694,73,2,2,1,1,6,1,04072,4,Conservative,Received,ME,Northeast
69,R_ai4ifZg3YGTX7r3,No,No,No,No,No,No,No,No,No concerns,-99,Next month,Very Liberal,6568de48-2a38-7143-2451-66e8f3f8c5a3,41,1,19,1,1,5,1,03901,1,Liberal,Planning to,ME,Northeast
55,R_2zA8cNpcP8GzHAR,No,No,No,No,No,No,No,No,No concerns,-99,Im not sure,Slightly Conservative,6568dd5c-f407-b762-ac77-6cce43d5a229,69,2,2,1,1,2,2,48101,5,Conservative,Im not sure,MI,Midwest
68,R_21oklF2ilb4J41k,No,No,No,No,No,No,No,No,No concerns,-99,No plans,Liberal,6568dd54-5baf-c465-4b05-75d072df11ed,45,1,2,15,1,4,2,48213,1,Liberal,No plans,MI,Midwest
160,R_3NQVGLxFTLr4VUW,No,Yes,No,No,No,No,No,No,Has concerns,-99,Next few months,Slightly Liberal,6568dd4a-92af-4876-d99d-2d78ace1dac2,24,2,10,1,1,6,2,49504,1,Liberal,Planning to,MI,Midwest
262,R_1C3zZuegJn3rgxk,No,Yes,No,The latest vaccine is not effective enough,No,No,No,No,Has concerns,-99,Next month,Moderate,6568dda4-a9bd-b459-4c39-efebfd794b95,18,1,1,4,1,2,3,48823,4,Moderate,Planning to,MI,Midwest
270,R_bk0mHI7GKIiQZ4l,No,Yes,Yes,The latest vaccine is not effective enough,Yes,Yes,The latest COVID-19 vaccine is not safe for children,No,Has concerns,-99,Received,Very Conservative,6568dad4-acc7-24fa-17c3-b5b8af386d64,33,1,24,1,1,7,2,48838,10,Conservative,Received,MI,Midwest
43,R_2q8UCv7hyavEEqh,No,No,No,No,No,No,No,No,No concerns,-99,Received,Very Liberal,6568dcfc-0d1f-6db3-e082-702b1528d5bd,35,2,5,1,1,8,2,55119,1,Liberal,Received,MN,Midwest
48,R_3Mrtmkvqe9Swayn,No,No,No,No,No,No,No,No,No concerns,-99,Received,Moderate,6568dd8a-02a7-922b-0e91-599b7f70a0b9,70,2,10,1,1,3,2,55406,2,Moderate,Received,MN,Midwest
183,R_1kTwxLtLMUS2x0F,No,No,Yes,No,No,Yes,No,No,Has concerns,-99,Received,Slightly Liberal,6568dc6b-ed0e-5006-8705-60bf8e23e71c,65,1,19,1,1,6,2,55427,3,Liberal,Received,MN,Midwest
11,R_1hROxP4QbuWI8XC,No,No,No,No,No,No,No,No,No concerns,-99,Received,Moderate,6567a4e2-e05e-53f1-3b02-0dbe829640f3,61,2,12,1,1,4,2,63051,1,Moderate,Received,MO,Midwest
65,R_1obDONX9tcbHAKW,No,No,No,No,No,No,No,No,No concerns,-99,Received,Moderate,6568dd52-0078-521d-b050-ad40f175765f,31,2,3,1,1,6,2,63139,4,Moderate,Received,MO,Midwest
127,R_1gvXAbRNfaMfVzj,No,No,No,No,No,Yes,No,No,Has concerns,-99,Next few months,Very Liberal,6568dbe8-9c2b-2a3d-7b32-ae137c76cac0,21,2,5,1,1,4,2,65201,1,Liberal,Planning to,MO,Midwest
159,R_2U9s3vp8UdvysfQ,Yes,Yes,No,No,No,No,No,No,Has concerns,-99,No plans,Liberal,6568dc80-d5d2-4607-076c-2c443ff450b4,43,2,8,1,1,2,2,63628,4,Liberal,No plans,MO,Midwest
205,R_3MRlL31rJ2acw0Z,Yes,No,Yes,No,Yes,No,No,No,Has concerns,-99,No plans,Conservative,6568dd10-c4f7-f684-4ad5-ff5af014668a,42,2,20,1,1,2,2,63044,10,Conservative,No plans,MO,Midwest
207,R_3hGtSiXEKS74e8Z,Yes,No,Yes,No,No,Yes,No,No,Has concerns,-99,Yes not sure when,Very Liberal,6568de4e-97e9-ef78-6233-6bd4c585e80c,35,1,1,1,1,2,2,64870,1,Liberal,Planning to,MO,Midwest
282,R_1HnH7G7VSypn1SN,No,Yes,Yes,The latest vaccine is not effective enough,Yes,No,No,No,Has concerns,-99,No plans,Slightly Conservative,6568ec13-06de-a154-fd14-45afb02ea919,58,1,2,1,1,3,2,64683,9,Conservative,No plans,MO,Midwest
214,R_3DnZsGo4LNpJJn4,No,No,Yes,No,Yes,No,The latest COVID-19 vaccine is not safe for children,No,Has concerns,-99,No plans,Very Conservative,6568dca5-c2c4-3d95-0829-9f8b16ed5221,53,1,4,1,1,3,3,38866,10,Conservative,No plans,MS,South
79,R_2tJ37qjM8FVQSVg,No,No,No,No,No,No,No,No,No concerns,-99,Received,Very Liberal,6568ddcf-fbc6-f216-8f19-3a4cbe7c3dd9,72,2,6,1,1,7,4,59758,1,Liberal,Received,MT,West
166,R_3Enmbfe2gBGBDEw,No,Yes,No,No,No,Yes,The latest COVID-19 vaccine is not safe for children,No,Has concerns,-99,Next few months,Very Conservative,6568dc62-2625-c169-a8aa-9979d7382747,70,1,1,1,1,4,4,59230,10,Conservative,Planning to,MT,West
1,R_1FyY2KOGfdA5PSQ,No,No,No,No,No,No,No,No,No concerns,-99,No plans,Very Conservative,65679114-5104-6b6b-37d5-55d838e79ee5,69,1,9,1,1,2,3,28202,10,Conservative,No plans,NC,South
45,R_1K3YgRhQHgaimBd,No,No,No,No,No,No,No,No,No concerns,-99,Received,Very Conservative,6568dbed-9d08-e782-a44c-d41e9cf3e6c7,77,1,8,1,1,4,3,28115,9,Conservative,Received,NC,South
61,R_1ou0QscMwXrXNrH,No,No,No,No,No,No,No,No,No concerns,-99,Received,Very Conservative,6568dd2b-c084-cb7e-2263-e6cc1e26e8bf,70,2,6,1,1,2,3,27565,2,Conservative,Received,NC,South
62,R_ZaiXeC5pYAtF4op,No,No,No,No,No,No,No,No,No concerns,-99,Next month,Slightly Liberal,6568dccf-b515-4e6e-f765-f342c7124db1,67,2,4,1,1,6,3,27705,1,Liberal,Planning to,NC,South
143,R_DoecTaAIAqzvf5n,No,No,No,No,Yes,No,No,No,Has concerns,-99,Next month,Moderate,6568dd17-31b9-9d17-1dd6-207d8f58a087,36,1,11,1,1,6,3,28681,4,Moderate,Planning to,NC,South
165,R_1ibuVDKwjXLzPdh,No,Yes,No,No,No,No,No,No,Has concerns,-99,No plans,Slightly Liberal,6568dd75-428e-3856-c1d5-52f06fa6fdc6,50,1,5,1,1,6,3,27510,2,Liberal,No plans,NC,South
176,R_2EgfNrrrTjTOnNV,No,No,Yes,No,No,No,No,No,Has concerns,-99,No plans,Moderate,6568d962-335e-968c-0aaf-f1d9dc413e1d,30,1,6,15,1,2,3,27939,2,Moderate,No plans,NC,South
201,R_33CKcMnZiqL4PZW,No,No,Yes,No,No,Yes,No,No,Has concerns,-99,Received,Conservative,6568dcf1-67f4-3e2c-d551-e8d8d181347a,56,2,16,1,1,6,3,27360,10,Conservative,Received,NC,South
249,R_295hHNWc5UGER89,No,Yes,Yes,No,No,Yes,No,No,Has concerns,-99,Next month,Conservative,6568f5fa-6f93-fec0-b2c2-0d8c41e3671a,52,2,23,4,1,8,3,28208,10,Conservative,Planning to,NC,South
252,R_12mf3gsMYcjwCU9,No,No,No,The latest vaccine is not effective enough,No,No,No,No,Has concerns,-99,Yes not sure when,Slightly Conservative,6568dca6-4fc7-28d7-986d-da2fe3f48787,34,2,8,1,1,5,3,27880,9,Conservative,Planning to,NC,South
256,R_ZwQrGRslwtluHiV,No,No,No,The latest vaccine is not effective enough,No,No,No,No,Has concerns,-99,No plans,Moderate,6568d88b-ad3b-12be-fbd6-e23d223ed6a1,39,1,1,16,1,1,3,28777,4,Moderate,No plans,NC,South
263,R_1K7qcQXEm56ftNW,No,Yes,No,The latest vaccine is not effective enough,Yes,No,The latest COVID-19 vaccine is not safe for children,No,Has concerns,-99,No plans,Moderate,6568dbef-bd78-816d-065f-a7b46ad48c29,57,2,1,2,1,3,3,27260,1,Moderate,No plans,NC,South
275,R_2P5yMZEX4cOVkbY,Yes,Yes,Yes,The latest vaccine is not effective enough,Yes,Yes,The latest COVID-19 vaccine is not safe for children,No,Has concerns,-99,Next month,Slightly Liberal,6568dd7b-1629-349f-3bbb-1499edda347e,42,2,9,14,1,3,3,28314,2,Liberal,Planning to,NC,South
221,R_CesS00dYB3FKmK5,No,No,Yes,No,No,Yes,No,No,Has concerns,-99,Yes not sure when,Moderate,6568ec26-4544-f03f-cb04-3df4c6b11ea5,28,1,5,2,1,4,2,58012,6,Moderate,Planning to,ND,Midwest
88,R_2U3i1bflwFk9yML,No,No,No,No,No,No,No,No,No concerns,-99,No plans,Not Sure,6568ec63-ef0d-8d14-0757-823c67f6c2ba,43,2,8,15,2,2,2,68355,2,Not Sure,No plans,NE,Midwest
215,R_1pDnpFWYCG52RfZ,Yes,No,Yes,No,No,No,No,No,Has concerns,-99,No plans,Very Conservative,6568dcf3-e225-2c07-c73a-7ecbf6c5f348,46,2,12,1,1,2,2,68144,10,Conservative,No plans,NE,Midwest
41,R_DDfeUbc5lEZkXM5,No,No,No,No,No,No,No,No,No concerns,-99,Received,Moderate,6568dc2d-f5c3-b86e-ade7-42e65d7a95b0,69,2,4,1,1,4,1,03820,2,Moderate,Received,NH,Northeast
87,R_3KSD4idT10xwhAt,No,No,No,No,No,No,No,No,No concerns,-99,No plans,Moderate,6568ec01-4d6a-d1ac-f07c-a3f38750f48d,48,1,17,1,1,2,1,08012,10,Moderate,No plans,NJ,Northeast
90,R_2EglbcQ2rPoXHTB,No,No,No,No,No,No,No,No,No concerns,-99,Received,Conservative,6568ec3c-6f3e-d969-07f1-f0b42be509b3,52,1,23,1,1,4,1,08648,5,Conservative,Received,NJ,Northeast
109,R_3gLrpVV4EccZFhO,No,No,No,No,No,Yes,No,No,Has concerns,-99,No plans,Moderate,65679570-eef0-7e4a-b724-043755cb3ba5,65,2,2,1,1,2,1,08816,5,Moderate,No plans,NJ,Northeast
128,R_2sbyfAuVy7TqxeM,No,No,No,No,No,Yes,No,No,Has concerns,-99,Received,Conservative,6568dd10-22f7-d7b6-0fb8-b42bd8bed57d,35,1,4,1,1,2,1,07480,8,Conservative,Received,NJ,Northeast
133,R_296uBDbeHudPyfI,No,No,No,No,Yes,No,No,No,Has concerns,-99,Im not sure,Slightly Liberal,6568dc53-ce95-5324-0cb4-ea85281a6103,36,1,8,5,1,6,1,07605,2,Liberal,Im not sure,NJ,Northeast
167,R_2YtbWibu61syV0u,No,Yes,No,No,No,No,No,No,Has concerns,-99,Received,Moderate,6568dc5e-afc5-351f-11ff-58284053b2b1,77,2,18,1,1,2,1,07006,3,Moderate,Received,NJ,Northeast
175,R_1K2sPkM4KJyUsf2,No,No,Yes,No,No,No,No,No,Has concerns,-99,No plans,Moderate,656795ea-2677-21c2-0d10-2ba0c9b3251f,43,1,1,15,1,3,1,08805,7,Moderate,No plans,NJ,Northeast
192,R_3p5tXLcTxzeA9JG,Yes,No,Yes,No,No,No,No,No,Has concerns,-99,Yes not sure when,Moderate,6568dce1-be4d-3bb5-d9df-4cedb7d222d5,58,2,2,1,1,4,1,08031,4,Moderate,Planning to,NJ,Northeast
202,R_3lAAyG5es8BsDTU,Yes,No,Yes,No,No,Yes,No,No,Has concerns,-99,No plans,Not Sure,6568dcf3-df5b-7da3-e81a-f9460324e59d,63,2,8,1,1,2,1,07071,9,Not Sure,No plans,NJ,Northeast
141,R_8H8iyZWGEqzCaDD,No,No,No,No,No,No,No,Yes,Has concerns,potential side effects,No plans,Moderate,6568ddab-587c-b686-dd3d-1cf168476a0d,61,2,2,1,1,2,4,87015,4,Moderate,No plans,NM,West
271,R_wLwgNUcpHAn1zAl,No,Yes,Yes,The latest vaccine is not effective enough,Yes,No,The latest COVID-19 vaccine is not safe for children,No,Has concerns,-99,No plans,Moderate,6568dc70-3d51-8c5c-accd-93bbdf103242,55,1,2,1,1,6,4,87106,4,Moderate,No plans,NM,West
276,R_1du9zSHawlaLHSt,No,Yes,Yes,The latest vaccine is not effective enough,Yes,Yes,The latest COVID-19 vaccine is not safe for children,No,Has concerns,-99,No plans,Conservative,6568dde0-29a5-342f-7dae-c2a5b1fd8109,43,1,3,1,12,2,4,87111,5,Conservative,No plans,NM,West
277,R_3R2duFelrw4O02h,Yes,Yes,Yes,The latest vaccine is not effective enough,No,No,The latest COVID-19 vaccine is not safe for children,No,Has concerns,-99,No plans,Slightly Conservative,6568dcd3-b648-efb4-1098-7f10acef49ad,36,2,19,1,1,5,4,87120,9,Conservative,No plans,NM,West
14,R_2uL0eiMrimfHJlu,Yes,No,No,No,No,No,No,No,No concerns,-99,Received,Very Conservative,6568d8a2-f157-9fae-f262-df098d9141e3,51,1,22,1,1,5,4,89119,10,Conservative,Received,NV,West
25,R_3L7NAz1OdzKYNvl,No,No,No,No,No,No,No,No,No concerns,-99,No plans,Liberal,6568db62-e7a1-f810-3090-df13621fafcc,54,1,9,1,1,6,4,89103,1,Liberal,No plans,NV,West
138,R_W0ZcHDefgV0bQDT,No,No,No,No,No,Yes,No,No,Has concerns,-99,Received,Very Conservative,6568dc0b-a5ed-5bdb-7df3-bf02f94ffd5b,52,2,8,1,3,2,4,89121,10,Conservative,Received,NV,West
3,R_3fTZUTfAuxAiWgx,No,No,No,No,No,No,No,No,No concerns,-99,Received,Liberal,6567956d-e90a-c5ca-d934-4d09726ccc61,77,1,20,1,1,7,1,11757,1,Liberal,Received,NY,Northeast
10,R_2e4kK6IhZRh6u9G,No,No,No,No,No,No,No,No,No concerns,-99,Im not sure,Very Liberal,6567a4cc-fd0c-abb4-f01e-14279b910d74,19,2,1,2,1,2,1,10039,3,Liberal,Im not sure,NY,Northeast
50,R_3HXsHerxYdtGIDR,No,No,No,No,No,No,No,No,No concerns,-99,Received,Moderate,6568dccc-edba-6db5-291f-6f848057ad55,77,2,13,1,1,4,1,11733,2,Moderate,Received,NY,Northeast
63,R_zcHBFOWJPMi3lkd,No,No,No,No,No,No,No,No,No concerns,-99,Next month,Slightly Liberal,6568dc12-cff8-3cc9-c969-64fca1c07b56,63,1,13,1,1,8,1,13672,3,Liberal,Planning to,NY,Northeast
73,R_2qt97DyZ2u9WB2r,No,No,No,No,No,No,No,No,No concerns,-99,Next few months,Moderate,6568defe-e4b5-c272-012f-69151e00afa2,18,1,6,4,1,6,1,11694,7,Moderate,Planning to,NY,Northeast
76,R_1pKfxtFx4s1WvBT,No,No,No,No,No,No,No,No,No concerns,-99,Received,Not Sure,6568df0c-b219-ba98-e8ae-b890281f37c5,24,1,8,15,14,2,1,11236,7,Not Sure,Received,NY,Northeast
78,R_3Es39kgMBq9ZJbt,No,No,No,No,No,No,No,No,No concerns,-99,No plans,Very Conservative,6568de95-2044-871b-9852-c54b72dee7cb,44,1,1,2,12,1,1,10032,1,Conservative,No plans,NY,Northeast
80,R_2rNNZkkGeJob6q1,Yes,No,No,No,No,No,No,No,No concerns,-99,No plans,Not Sure,6568dd1d-da6b-9b2c-2056-ece0325d5e4f,43,1,21,1,1,5,1,12590,2,Not Sure,No plans,NY,Northeast
85,R_2WBkiHhoDSvIimo,Yes,No,No,No,No,No,No,No,No concerns,-99,Im not sure,Moderate,6568dc7d-33e2-0026-8d7d-744928475ce5,57,2,2,2,1,2,1,10025,2,Moderate,Im not sure,NY,Northeast
103,R_2ONEA4fWKXJskiZ,No,No,No,No,No,No,No,No,No concerns,-99,Im not sure,Not Sure,6568f675-3d44-bc31-4a37-e1de31b8005b,24,2,1,15,6,1,1,11377,7,Not Sure,Im not sure,NY,Northeast
104,R_DUBnDemlS9EU9A5,No,No,No,No,No,No,No,No,No concerns,-99,Im not sure,Moderate,6568f6b3-c34f-8d7e-0bf7-7f86e72a0910,18,2,1,2,1,1,1,11212,8,Moderate,Im not sure,NY,Northeast
120,R_1DU0Z4h09xRkw0l,Yes,No,No,No,No,Yes,The latest COVID-19 vaccine is not safe for children,No,Has concerns,-99,Next month,Liberal,6568dc83-45a4-ff85-0bf7-22be8a39cd51,28,2,1,1,1,4,1,10460,3,Liberal,Planning to,NY,Northeast
122,R_z2A20Qw914D1uCJ,Yes,No,No,No,No,Yes,No,No,Has concerns,-99,Yes not sure when,Moderate,6568dc31-2cb2-ddff-a8b4-df0fcd6bba68,38,2,1,2,4,4,1,10457,2,Moderate,Planning to,NY,Northeast
131,R_2bPmxIejw0La6BC,No,No,No,No,Yes,No,The latest COVID-19 vaccine is not safe for children,No,Has concerns,-99,Im not sure,Slightly Conservative,6568dc47-9a33-f57a-66b4-233079716b8d,63,1,4,1,1,2,1,13132,8,Conservative,Im not sure,NY,Northeast
139,R_22V6ZcS70FbzS0F,No,No,No,No,Yes,No,No,No,Has concerns,-99,Next few months,Liberal,6568dd60-db7e-bba7-8f63-bd3a0b100976,48,1,12,2,1,6,1,12183,1,Liberal,Planning to,NY,Northeast
140,R_b7mM20B2wf8bok1,No,No,No,No,Yes,No,No,No,Has concerns,-99,No plans,Moderate,6568dc1f-66f4-dd6a-0439-a6659d6c6f81,36,2,1,15,1,4,1,10456,1,Moderate,No plans,NY,Northeast
148,R_1QutQJPcxJ0iyie,No,No,No,No,Yes,No,No,No,Has concerns,-99,Received,Slightly Conservative,6568df51-2f8a-6511-6813-5ad05d360957,30,1,14,1,1,6,1,12582,10,Conservative,Received,NY,Northeast
177,R_tYYPGbczROD84Ip,No,No,Yes,No,Yes,No,No,No,Has concerns,-99,Im not sure,Moderate,6568db3a-35b3-fd2b-e663-ec002a56b6fc,29,1,1,2,1,4,1,11413,2,Moderate,Im not sure,NY,Northeast
184,R_1nUCILKrQ8nCuQx,No,No,Yes,No,No,No,No,No,Has concerns,-99,No plans,Conservative,6568dc1e-4a00-4cd7-ae21-646929577b6a,35,2,16,1,1,5,1,13601,9,Conservative,No plans,NY,Northeast
188,R_3qe6UjGVH8sgQIa,No,No,Yes,No,No,No,No,No,Has concerns,-99,No plans,Moderate,6568dc2b-78c8-664a-9301-8ded49ceccd6,47,2,5,1,1,6,1,10011,2,Moderate,No plans,NY,Northeast
189,R_2ScYPqkEf26pKOK,No,No,Yes,No,Yes,No,No,No,Has concerns,-99,No plans,Conservative,6568dc07-b70a-9335-0d63-8aff18524716,72,2,16,1,1,4,1,10467,9,Conservative,No plans,NY,Northeast
209,R_1IAExNivHKwynTd,Yes,No,Yes,No,No,No,The latest COVID-19 vaccine is not safe for children,No,Has concerns,-99,No plans,Moderate,6568dce3-674f-40b4-0386-3dd8d5d99595,33,2,15,1,1,4,1,12020,10,Moderate,No plans,NY,Northeast
212,R_1K1NF96mEUv2zC7,No,No,Yes,No,No,No,No,No,Has concerns,-99,Next month,Liberal,6568dee0-7e3d-5805-0cc2-abb629baddfd,51,1,19,1,1,6,1,11238,2,Liberal,Planning to,NY,Northeast
225,R_1hEGUBxqWDk7LQm,No,Yes,Yes,No,Yes,No,The latest COVID-19 vaccine is not safe for children,No,Has concerns,-99,No plans,Not Sure,656795a3-602c-1053-2744-431fe5ef8b87,53,1,7,6,1,4,1,14224,7,Not Sure,No plans,NY,Northeast
230,R_yl48oJ6Zkc8wzXH,Yes,Yes,Yes,No,No,Yes,The latest COVID-19 vaccine is not safe for children,No,Has concerns,-99,No plans,Slightly Conservative,6568dc46-a768-92df-4e4e-c27fd82d0f4c,34,2,20,1,1,5,1,10956,9,Conservative,No plans,NY,Northeast
253,R_1CwNRLgQ2hxIHJK,Yes,No,No,The latest vaccine is not effective enough,No,No,No,No,Has concerns,-99,Next month,Liberal,6568dd78-3259-dc35-539c-7ce9e38d6caa,38,1,1,2,1,4,1,10025,2,Liberal,Planning to,NY,Northeast
261,R_1IGleA3lMssFjFu,No,Yes,No,The latest vaccine is not effective enough,No,No,No,No,Has concerns,-99,No plans,Moderate,656791dc-5d1c-8cd6-a3bb-cff0a5f9c6eb,52,1,1,1,1,6,1,13126,2,Moderate,No plans,NY,Northeast
70,R_RsNoUmA2p1i79Xb,No,No,No,No,No,No,No,No,No concerns,-99,Received,Liberal,6568dde7-eba6-fdd2-c7fe-9fc584de7aaf,60,1,9,1,1,8,2,43402,2,Liberal,Received,OH,Midwest
75,R_26c2C76FRDt5hCX,No,No,No,No,No,No,No,No,No concerns,-99,No plans,Not Sure,6568dd77-b96c-4276-2406-5c1d6f3ce7d9,69,2,16,1,1,4,2,45693,7,Not Sure,No plans,OH,Midwest
84,R_3lAAFtAvQTRpDrn,No,No,No,No,No,No,No,No,No concerns,-99,No plans,Moderate,6568ddad-1e39-dbd1-05ef-2f759d6a1010,61,1,4,2,1,2,2,43130,1,Moderate,No plans,OH,Midwest
89,R_RfA4YYKjvQlGfv3,No,No,No,No,No,No,No,No,No concerns,-99,Im not sure,Slightly Liberal,6568ec44-5e71-a9b8-c648-a3e1bbe8062b,34,1,6,1,1,6,2,45387,3,Liberal,Im not sure,OH,Midwest
111,R_YS80w9iv7AyKnId,No,No,No,No,No,Yes,No,No,Has concerns,-99,Received,Very Conservative,656795ec-3ba6-234b-6eb8-1a837e7d4fd8,49,1,9,1,1,6,2,43110,10,Conservative,Received,OH,Midwest
124,R_Aj7omF4Trp7vJWF,Yes,No,No,No,Yes,No,No,No,Has concerns,-99,Next few months,Moderate,6568dc4c-40c9-4b6d-65c2-fc005e79de9e,30,1,4,1,1,2,2,44077,5,Moderate,Planning to,OH,Midwest
130,R_1r24omwNLRwFNwl,Yes,No,No,No,Yes,No,No,No,Has concerns,-99,No plans,Moderate,6568dc81-669e-acc4-dd95-e7718314071a,36,1,9,1,1,2,2,44305,4,Moderate,No plans,OH,Midwest
161,R_2AGpTpzGA68tJA8,Yes,Yes,No,No,No,No,No,No,Has concerns,-99,No plans,Moderate,6568dc70-1700-eaff-2702-d7e010e012e4,42,2,15,1,1,6,2,45030,4,Moderate,No plans,OH,Midwest
226,R_22yOS15Q4FRbHCo,No,Yes,Yes,No,No,No,No,No,Has concerns,-99,Im not sure,Slightly Conservative,6567959d-94a1-318b-7ee3-3c5cb779be47,52,2,4,1,1,6,2,44125,10,Conservative,Im not sure,OH,Midwest
234,R_2vk8fWjf7o80WkD,Yes,Yes,Yes,No,No,No,The latest COVID-19 vaccine is not safe for children,No,Has concerns,-99,Received,Very Liberal,6568dd23-2200-6cde-8e09-861e22ecf53d,28,2,2,1,1,4,2,45369,3,Liberal,Received,OH,Midwest
125,R_2qqSYfvC8OxL0ub,No,No,No,No,No,Yes,No,No,Has concerns,-99,Next few months,Liberal,6568dc7d-1bac-d774-d8cd-542565c643e0,32,1,24,1,1,7,3,73142,1,Liberal,Planning to,OK,South
217,R_1gMT44YZCxltwq6,Yes,No,Yes,No,No,No,No,No,Has concerns,-99,Im not sure,Not Sure,6568ebda-f76d-efa6-3547-feff8f12b19a,31,2,10,1,1,4,3,74107,7,Not Sure,Im not sure,OK,South
30,R_1mzqnUw8SZDlLhR,No,No,No,No,No,No,No,No,No concerns,-99,Received,Conservative,6568db8a-d136-cf3a-0766-6be95b3b82a0,76,1,3,1,1,5,4,97540,10,Conservative,Received,OR,West
46,R_26lKBkg2pj6M5N5,No,No,No,No,No,No,No,No,No concerns,-99,Next month,Moderate,6568dc44-53fb-f54a-727b-c3fa0fff4551,41,2,8,6,1,4,4,97383,5,Moderate,Planning to,OR,West
93,R_24CM65SYlxeaPpk,No,No,No,No,No,No,No,No,No concerns,-99,No plans,Moderate,6568ebaf-7411-4ab4-1878-ec3d7b0c91f2,20,1,2,1,1,4,4,97603,5,Moderate,No plans,OR,West
97,R_1MMRVG8mcGoUPXh,No,No,No,No,No,No,No,No,No concerns,-99,Next month,Slightly Liberal,6568ed0a-0743-1b64-3302-d2a3a2f371a8,33,1,15,1,1,6,4,97202,2,Liberal,Planning to,OR,West
145,R_p9l1hLeWpyzxnVL,No,No,No,No,Yes,No,No,No,Has concerns,-99,Received,Slightly Conservative,6568deb3-4e06-2e6a-a0d8-6e7835356580,47,1,3,1,1,4,4,97209,9,Conservative,Received,OR,West
153,R_3qmmVoVvWIZ2e6C,No,No,No,No,No,No,No,Yes,Has concerns,I donbelieve in the vaccine.,Im not sure,Moderate,6568ecca-728b-3ca4-137e-b0d4d2c0b5fd,36,2,1,6,1,2,4,97131,10,Moderate,Im not sure,OR,West
219,R_3DkyfAiyfnZ3eo7,No,No,Yes,No,Yes,No,No,No,Has concerns,-99,No plans,Not Sure,6568ec9c-af52-a930-3d04-12eaba77396d,31,1,2,1,1,4,4,97756,4,Not Sure,No plans,OR,West
239,R_2zZmIFUYxMd0frQ,No,Yes,Yes,No,No,No,No,No,Has concerns,-99,No plans,Conservative,6568dcec-3571-38a9-a8c7-d70d6d7af6f1,51,2,8,6,1,4,4,97458,10,Conservative,No plans,OR,West
247,R_3dWmf0os930RxIG,No,Yes,Yes,No,No,No,No,No,Has concerns,-99,Im not sure,Moderate,6568eca3-6ba4-e69f-871b-acc9245a8781,21,2,1,15,1,4,4,97501,7,Moderate,Im not sure,OR,West
248,R_SGZeXN1sRofuFLX,Yes,Yes,Yes,No,No,No,The latest COVID-19 vaccine is not safe for children,No,Has concerns,-99,No plans,Slightly Conservative,6568ec47-9764-df3f-138d-76b1e7e843bc,45,1,19,1,1,6,4,97230,5,Conservative,No plans,OR,West
254,R_1M5wAdpUtHNIq5T,No,No,No,The latest vaccine is not effective enough,No,No,No,No,Has concerns,-99,No plans,Liberal,6568dbba-2e6a-d311-f37e-f1e9232520d3,57,1,19,1,1,6,4,97229,1,Liberal,No plans,OR,West
6,R_RRcSWTE1nhxnFTj,No,No,No,No,No,No,No,No,No concerns,-99,Next few months,Moderate,65679564-d7a2-b87d-4419-ac355ee6c55f,59,2,9,1,1,4,1,18301,5,Moderate,Planning to,PA,Northeast
19,R_2D7Z6fHSFrhLnOX,No,No,No,No,No,No,No,No,No concerns,-99,Received,Very Liberal,6568dbd2-b648-2454-3f7f-97537a4a7fb3,62,2,13,1,1,4,1,15063,5,Liberal,Received,PA,Northeast
23,R_1MNhIxwsWRF3J26,Yes,No,No,No,No,No,No,No,No concerns,-99,Next month,Very Liberal,6568dbb6-2bdc-7a13-e1bd-3dc5b9ac2118,46,2,19,1,1,7,1,18902,3,Liberal,Planning to,PA,Northeast
32,R_3peR4hqzQbpO7Mt,No,No,No,No,No,No,No,No,No concerns,-99,Next few months,Liberal,6568dca5-3820-c530-d467-d124219e84e8,75,2,14,1,1,6,1,19086,1,Liberal,Planning to,PA,Northeast
39,R_3I0pEadEXSzZGBI,Yes,No,No,No,No,No,No,No,No concerns,-99,Next month,Not Sure,6568dc30-83aa-66cb-4dd0-e554eb2df7b2,37,2,1,2,1,4,1,17074,7,Not Sure,Planning to,PA,Northeast
71,R_2v8ts4VEkfbrP9E,No,No,No,No,No,No,No,No,No concerns,-99,Im not sure,Moderate,6568df41-1e35-963d-f6bf-665415b04150,28,1,7,1,1,6,1,17356,10,Moderate,Im not sure,PA,Northeast
113,R_z2MLjtt2jadyeJz,No,No,No,No,Yes,No,No,No,Has concerns,-99,No plans,Moderate,6568d949-ecb9-bbf3-dc7f-9ea074ebe5cd,73,2,4,3,1,2,1,15656,10,Moderate,No plans,PA,Northeast
185,R_1GwPuC1D1DVVNWm,Yes,No,Yes,No,Yes,Yes,No,No,Has concerns,-99,Next month,Moderate,6568dc05-9c94-303e-79f5-8af7ad1d1490,37,2,2,1,1,2,1,15301,4,Moderate,Planning to,PA,Northeast
231,R_1eV3k2cddNsxTqD,No,Yes,Yes,No,No,No,No,No,Has concerns,-99,No plans,Moderate,6568dc23-5ec6-1a8d-98fc-9b31e6679c4b,61,2,12,1,1,2,1,17851,4,Moderate,No plans,PA,Northeast
232,R_1OZjMGfhJsm6NJp,Yes,Yes,Yes,No,Yes,No,The latest COVID-19 vaccine is not safe for children,No,Has concerns,-99,No plans,Very Conservative,6568db4f-00aa-3de6-015a-ecee2cdd1551,48,1,8,1,1,2,1,15235,10,Conservative,No plans,PA,Northeast
278,R_3R9Jxvwk8pZim7G,No,Yes,Yes,The latest vaccine is not effective enough,No,No,No,No,Has concerns,-99,No plans,Liberal,6568dedb-634d-579c-2f41-cbce0e79fdfa,43,1,8,3,1,5,1,19104,2,Liberal,No plans,PA,Northeast
82,R_1FIWDT4xBbqXz8Z,No,No,No,No,No,No,No,No,No concerns,-99,No plans,Liberal,6568de54-8013-1a8c-922a-f10a1c228d06,19,1,1,15,16,2,1,02863,2,Liberal,No plans,RI,Northeast
110,R_33xakT3EJ80RZ7D,No,No,No,No,No,No,No,Yes,Has concerns,It's not vegan,No plans,Moderate,656795c3-29fd-0d7a-f5af-59df2fa6cecc,63,2,12,1,1,4,3,29440,,Moderate,No plans,SC,South
132,R_2zO3i9XQAzMJr4b,Yes,No,No,No,Yes,No,No,No,Has concerns,-99,Im not sure,Conservative,6568dc14-6e10-4fbc-09ca-35c68a5cd3e3,46,2,16,1,1,4,3,29061,9,Conservative,Im not sure,SC,South
144,R_3oI29UtL3resLvl,No,No,No,No,Yes,No,No,No,Has concerns,-99,No plans,Conservative,6568dd2e-2184-faf3-b4e3-bafa4c26f945,59,2,4,1,1,2,3,29073,9,Conservative,No plans,SC,South
199,R_1K9KHe3ah5DYIAn,No,No,Yes,No,No,No,No,No,Has concerns,-99,No plans,Conservative,6568dc47-fd18-a92d-b82c-e8a9078aa071,67,2,6,1,1,2,3,29505,9,Conservative,No plans,SC,South
268,R_2ZUgFlGQpLZL0Zo,No,Yes,Yes,The latest vaccine is not effective enough,Yes,No,The latest COVID-19 vaccine is not safe for children,Yes,Has concerns,They are not needed,No plans,Very Conservative,6568dca6-f18e-5322-4c57-0414763015a1,56,2,19,1,1,4,3,29154,10,Conservative,No plans,SC,South
250,R_332ASYWxrGVWoJt,No,Yes,Yes,No,Yes,No,No,No,Has concerns,-99,No plans,Conservative,6568f65a-f55a-5906-42e7-c14ec5a62be9,24,2,8,1,1,8,2,57069,5,Conservative,No plans,SD,Midwest
57,R_3iIQ6LF3Gakv9sL,No,No,No,No,No,No,No,No,No concerns,-99,Received,Moderate,6568dd9d-2fc8-4096-4b08-3fdabaeba805,61,2,1,1,1,1,3,37752,10,Moderate,Received,TN,South
112,R_2PprgEQCLjJ8XBv,No,No,No,No,No,No,No,Yes,Has concerns,I've never been vaccinated,No plans,Not Sure,6567a4d0-01c5-f5b0-8b75-1f1be7eb350e,18,2,25,1,1,2,3,37321,7,Not Sure,No plans,TN,South
197,R_1ow3PX7mJlJVNTP,No,No,Yes,No,No,No,No,No,Has concerns,-99,No plans,Conservative,6568dc80-1828-c60d-b8b2-25b2a0368ec4,31,2,4,1,1,2,3,37931,5,Conservative,No plans,TN,South
236,R_1jVcsbbet5Mqxsf,No,Yes,Yes,No,No,Yes,The latest COVID-19 vaccine is not safe for children,No,Has concerns,-99,No plans,Very Conservative,6568dbaa-cb6a-c025-061f-9510d608aebd,85,1,15,1,1,4,3,37331,10,Conservative,No plans,TN,South
9,R_2rToCBnBwFpvKqT,No,No,No,No,No,No,No,No,No concerns,-99,Im not sure,Not Sure,6567a4d4-eecb-2298-dba5-29b17abced1b,54,2,4,1,1,2,3,77014,9,Not Sure,Im not sure,TX,South
15,R_1DRLLO3PMXKPGld,No,No,No,No,No,No,No,No,No concerns,-99,Im not sure,Moderate,6568da2e-912e-61bc-b715-d8c7483bc67f,28,2,1,15,5,6,3,77494,7,Moderate,Im not sure,TX,South
16,R_sYatWwNMUog6WZ3,No,No,No,No,No,No,No,No,No concerns,-99,Next month,Very Liberal,6568db7f-a237-8b1d-7fb1-3b1657e67ad7,26,1,2,2,1,3,3,76120,1,Liberal,Planning to,TX,South
21,R_3erzAvsOtjHEefO,No,No,No,No,No,No,No,No,No concerns,-99,Yes not sure when,Very Liberal,6568dc28-2318-d1ee-7442-a62278df41f8,26,1,14,15,2,1,3,78566,10,Liberal,Planning to,TX,South
29,R_24DdUPfrkVxeEul,No,No,No,No,No,No,No,No,No concerns,-99,Received,Moderate,6568dbb8-0f75-3eaa-ed01-5192d8c5a3de,57,1,3,1,1,2,3,78123,4,Moderate,Received,TX,South
44,R_1hAVZzOdY5d4r4T,No,No,No,No,No,No,No,No,No concerns,-99,Im not sure,Not Sure,6568dd27-d700-97b6-f6da-389019502f2f,40,1,1,2,1,1,3,77028,2,Not Sure,Im not sure,TX,South
52,R_2ablHh3J9XAgrGN,No,No,No,No,No,No,No,No,No concerns,-99,Next few months,Moderate,6568dd06-9c38-5b54-fd08-916ca2d25015,62,2,6,1,1,2,3,76513,10,Moderate,Planning to,TX,South
56,R_3KnPcRfPo7x8ETv,No,No,No,No,No,No,No,No,No concerns,-99,Next month,Very Conservative,6568dbe3-f3e1-d99e-68bb-89d0f8144329,73,1,3,1,1,6,3,75216,10,Conservative,Planning to,TX,South
60,R_so3Qaw8uuVNlWs9,Yes,No,No,No,No,No,No,No,No concerns,-99,No plans,Moderate,6568dd9d-f28e-c402-703a-d2fe5fe66243,45,1,7,3,2,3,3,78225,4,Moderate,No plans,TX,South
64,R_33lp6VTysLaNetw,No,No,No,No,No,No,No,No,No concerns,-99,Received,Liberal,6568db61-c326-efdf-f58e-2d6a22a62c05,65,1,3,15,2,3,3,75160,1,Liberal,Received,TX,South
81,R_0CEMbIpRlsxjzy1,No,No,No,No,No,No,No,No,No concerns,-99,Received,Conservative,6568dcb7-6866-c4a7-5ee9-bb0b89905c8b,81,2,16,1,1,6,3,77018,9,Conservative,Received,TX,South
92,R_DePt6eoYRs1e8Jr,No,No,No,No,No,No,No,No,No concerns,-99,Received,Very Liberal,6568ec04-9c2d-33be-614c-43b7dab39a5c,35,2,19,1,1,7,3,76116,1,Liberal,Received,TX,South
95,R_1DBVxIkzzV2RN94,No,No,No,No,No,No,No,No,No concerns,-99,Received,Very Liberal,6568ebe1-33da-d859-2730-40123377a870,20,2,1,1,1,2,3,76502,1,Liberal,Received,TX,South
119,R_2DTu0LYdz15V6iU,No,No,No,No,No,No,The latest COVID-19 vaccine is not safe for children,No,Has concerns,-99,No plans,Very Liberal,6568dc07-d558-68ea-c5a9-bab952a56905,64,1,21,1,1,2,3,78665,4,Liberal,No plans,TX,South
121,R_2Cv3RKST2IpmFOQ,No,No,No,No,No,No,No,Yes,Has concerns,I don't trust any of the covid-19,No plans,Not Sure,6568daba-e3a5-f5cd-9414-dc441cfcb16c,62,2,3,1,1,4,3,75471,7,Not Sure,No plans,TX,South
126,R_3PSSzoh6lK7STWs,Yes,No,No,No,Yes,No,No,No,Has concerns,-99,No plans,Slightly Conservative,6568dc2c-4b4c-6563-ca4f-7830ccc9134e,46,2,16,1,1,4,3,78259,9,Conservative,No plans,TX,South
157,R_XM4nRfu30xvYJ9L,No,Yes,No,No,No,No,No,No,Has concerns,-99,No plans,Moderate,65679544-4fe4-145c-2697-2676d87aae9a,65,2,1,1,1,5,3,75645,5,Moderate,No plans,TX,South
179,R_1puQVWkJhAh9jFP,No,No,Yes,No,No,No,No,No,Has concerns,-99,Next few months,Slightly Conservative,6568dbe7-f1ae-53ac-96e2-968e65f2fa5f,31,1,14,2,1,6,3,78726,4,Conservative,Planning to,TX,South
190,R_b3GqcjtgOtov3oZ,No,No,Yes,No,No,No,No,No,Has concerns,-99,No plans,Slightly Conservative,6568dc4c-ff28-e7a8-176f-0dbf64a05a6e,45,1,2,1,1,2,3,76016,10,Conservative,No plans,TX,South
196,R_2drPNwvKyOzcERW,No,No,Yes,No,No,No,No,No,Has concerns,-99,No plans,Moderate,6568dbfe-73cd-5d3c-7505-d0c36a7712f5,44,2,4,1,2,-3105,3,78251,1,Moderate,No plans,TX,South
208,R_1mpUuYWzJAALMmM,No,No,Yes,No,No,No,No,No,Has concerns,-99,No plans,Moderate,6568dded-af32-9ab3-9b2a-ce2464a83817,38,1,2,15,2,4,3,77042,4,Moderate,No plans,TX,South
229,R_2chZKb7Ox3NXLb8,No,Yes,Yes,No,No,No,No,No,Has concerns,-99,No plans,Very Liberal,6568db24-e1a0-8ad3-be9d-d9bd737d2fc8,39,2,1,2,16,4,3,76502,3,Liberal,No plans,TX,South
240,R_333TAh3zQHhtpVR,No,Yes,Yes,No,Yes,Yes,No,No,Has concerns,-99,No plans,Not Sure,6568dcc1-1389-e37c-fd19-c1b331da5d53,23,2,6,15,1,2,3,77807,7,Not Sure,No plans,TX,South
244,R_0dog2tycBW5pH1f,No,Yes,Yes,No,No,No,The latest COVID-19 vaccine is not safe for children,No,Has concerns,-99,No plans,Slightly Liberal,6568dcbd-7eef-1cfb-ed87-973af942f5cf,55,2,7,1,1,5,3,77047,8,Liberal,No plans,TX,South
279,R_2EGmLiAzqYZbsH6,No,Yes,Yes,The latest vaccine is not effective enough,Yes,No,The latest COVID-19 vaccine is not safe for children,No,Has concerns,-99,No plans,Very Conservative,6568ebe6-20d8-6f95-200e-801b9e172b05,71,2,1,1,1,2,3,77371,10,Conservative,No plans,TX,South
4,R_7VQ4En0cHHjz7kl,Yes,No,No,No,No,No,No,No,No concerns,-99,Received,Moderate,656795d4-9f53-a7c2-5377-99d0d45d4c85,37,2,-3105,10,1,8,4,84096,6,Moderate,Received,UT,West
101,R_3h6jJVHNQ4AoVsf,No,No,No,No,No,No,No,No,No concerns,-99,Im not sure,Liberal,6568f090-1c1d-e6d8-128c-aea3f1463bbb,18,2,1,15,2,4,4,84112,2,Liberal,Im not sure,UT,West
38,R_1FQbb1xGcjIx9zR,No,No,No,No,No,No,No,No,No concerns,-99,Received,Moderate,6568dc27-34b2-4d55-0713-9e325fbe15ec,67,1,11,1,1,6,3,20148,4,Moderate,Received,VT,Northeast
108,R_BDlqNFECe4q46J3,No,No,No,No,No,No,No,Yes,Has concerns,No conce4ns and I have taken the moetbrecent covid vaccine,Received,Slightly Conservative,656793fd-ca1c-34bf-5636-942e58b73e4f,70,2,9,1,1,6,3,24015,5,Conservative,Received,VT,Northeast
136,R_1IacVSL3easq7bg,No,No,No,No,No,Yes,No,No,Has concerns,-99,No plans,Moderate,6568ddc0-ca06-cfb6-69e6-18cae13556fe,45,1,9,1,1,6,3,23701,4,Moderate,No plans,VT,Northeast
171,R_QnLJRzns43vlXb3,Yes,No,Yes,No,No,No,The latest COVID-19 vaccine is not safe for children,No,Has concerns,-99,No plans,Very Conservative,656795d2-7506-6cd0-6ab9-f6504f8ab6a6,36,1,15,1,1,6,3,22655,10,Conservative,No plans,VT,Northeast
47,R_vTrS7uX2S3lK91v,No,No,No,No,No,No,No,No,No concerns,-99,Received,Moderate,6568dcf3-4919-4350-158b-02c2e71b0d47,77,2,3,1,1,3,4,98405,2,Moderate,Received,WA,West
59,R_2U3OLMErWyZsBye,No,No,No,No,No,No,No,No,No concerns,-99,Received,Very Liberal,6568dbf9-8ffa-d0b7-198f-1ebf0b1bf253,73,2,7,1,1,4,4,99224,1,Liberal,Received,WA,West
94,R_qwSFQ2JEYjloCMp,No,No,No,No,No,No,No,No,No concerns,-99,Im not sure,Not Sure,6568eced-b50b-ae93-eb29-7a51fb8b7c8a,24,2,1,1,12,1,4,98042,4,Not Sure,Im not sure,WA,West
220,R_ONd8V5nK01a3mIp,No,No,Yes,No,No,No,No,No,Has concerns,-99,Im not sure,Not Sure,6568ed36-0f50-3d19-ac37-6c26edcd3aa4,30,2,19,7,1,6,4,98225,7,Not Sure,Im not sure,WA,West
272,R_3HpIXxAvzKFmZds,Yes,Yes,Yes,The latest vaccine is not effective enough,Yes,Yes,The latest COVID-19 vaccine is not safe for children,No,Has concerns,-99,No plans,Not Sure,6568dd1e-9ec4-ff66-bde9-54ed1d3472f3,42,2,5,1,1,2,4,99206,7,Not Sure,No plans,WA,West
27,R_2YJ7eSXgeOxmcUt,No,No,No,No,No,No,No,No,No concerns,-99,Received,Very Liberal,6568dc18-3363-c0be-f648-0d3966a72cd2,19,2,21,1,1,4,2,53144,1,Liberal,Received,WI,Midwest
77,R_qImWGHbiV7NBBHX,No,No,No,No,No,No,No,No,No concerns,-99,Yes not sure when,Liberal,6568ddc6-ded4-0a92-4e3a-4c66a4ac2cbd,32,2,5,1,1,6,2,54937,1,Liberal,Planning to,WI,Midwest
114,R_1ozFNRrwCx0Nwuj,No,No,No,No,No,No,No,Yes,Has concerns,It is a bio weapon. ,No plans,Very Conservative,6568d95c-62da-9e76-2e37-cab00a338ba7,46,1,10,1,1,5,2,54947,10,Conservative,No plans,WI,Midwest
142,R_3pm4s7DkVhsrC8e,No,No,No,No,No,Yes,No,No,Has concerns,-99,Next few months,Slightly Conservative,6568ddf5-b130-239f-c6ad-b9176e131678,63,1,16,1,1,5,2,54220,10,Conservative,Planning to,WI,Midwest
193,R_cJdpd7XSTAeIPgl,Yes,No,Yes,No,No,Yes,No,No,Has concerns,-99,Im not sure,Slightly Conservative,6568dd59-ac78-9cfe-fc3e-10931c047c22,32,2,19,1,1,5,2,53575,5,Conservative,Im not sure,WI,Midwest
218,R_3Pi4qQ23sApWDOL,No,No,Yes,No,No,No,No,No,Has concerns,-99,No plans,Slightly Liberal,6568ebd3-c231-ff7d-a427-a2ebcb7fac2c,21,2,5,1,1,4,3,26038,3,Liberal,No plans,WV,South
258,R_27ChdtBU0hugkGs,No,No,No,The latest vaccine is not effective enough,No,No,No,No,Has concerns,-99,No plans,Very Liberal,6568ddbe-ad37-e192-6e70-f47affe95a83,53,2,5,1,1,2,3,26003,1,Liberal,No plans,WV,South
227,R_3KuBlCX44wEkyEY,No,Yes,Yes,No,No,No,No,No,Has concerns,-99,Next few months,Slightly Conservative,,,,,,,,,,,Conservative,Planning to,,#N/A
